{"parent_geometry": "{\"numbers\": {\"__ndarray__\": [[66], \"int64\", [6, 6, 6, 6, 6, 6, 6, 6, 6, 6, 6, 6, 6, 6, 6, 6, 6, 6, 6, 6, 6, 6, 6, 6, 6, 6, 6, 6, 6, 6, 6, 6, 6, 6, 6, 6, 6, 6, 6, 6, 6, 6, 6, 6, 6, 6, 6, 6, 1, 1, 1, 1, 1, 1, 1, 1, 1, 1, 1, 1, 1, 1, 1, 1, 1, 1]]}, \"positions\": {\"__ndarray__\": [[66, 3], \"float64\", [-0.01500641756, 1.269459429, -2.768117864e-12, 1.167597385, 0.5896891782, 2.15913681e-12, -1.171881945, 3.576243706, -1.96862328e-12, -0.08617800279, 2.721461775, -3.65871173e-13, -2.185449902, 5.758555516, -5.818113895e-13, -1.014254993, 5.003236058, 1.546065001e-12, -3.389405646, 7.892429614, 1.48645057e-13, -2.174811218, 7.161487623, 3.677637771e-13, -3.394951595, 9.276945484, 1.272200199e-13, 2.448416735, 1.268636514, -1.1600811e-13, 3.735100395, 0.7602498011, -1.117558895e-13, 1.164929583, 3.378124283, 1.131817447e-12, 2.381449453, 2.680105277, 8.883099261e-13, 0.2885635476, 5.666351751, -1.279517616e-13, 1.389728052, 4.770754267, 1.450539835e-12, -0.9050079484, 7.835631193, 5.337865999e-13, 0.3342693689, 7.123437221, 5.748299235e-13, -2.189394229, 9.957466766, -4.191918551e-13, -0.9544671593, 9.269782747, 1.766201123e-12, 4.882802682, 1.615071325, -1.340479242e-14, 6.127616187, 0.9835916145, -1.511054259e-13, 3.47355463, 3.575731937, 1.460126913e-13, 4.801291267, 3.075468352, -6.830824862e-14, 2.846317132, 4.898066314, -1.221701466e-12, 3.523822512, 6.070880523, -1.463104759e-12, 1.573222545, 7.899968044, 3.720571431e-13, 2.897783042, 7.398469446, -5.139873e-13, 0.24980414, 9.989775413, -6.072189541e-13, 1.492861814, 9.363474275, -1.094662348e-13, 7.336215929, 1.697419798, 1.473227767e-12, 8.577393617, 1.016397146, 1.155263924e-12, 6.041737502, 3.844781069, 4.958271018e-13, 7.282885661, 3.133612268, -5.886879225e-13, 4.980167534, 6.197494682, 4.320689908e-13, 6.083923575, 5.301101637, -4.907992212e-13, 3.989462492, 8.294823617, -1.212283278e-13, 5.207160725, 7.591815665, 1.468465018e-14, 2.644719332, 10.2207822, -9.841547365e-13, 3.929336967, 9.705896156, 1.388768975e-13, 9.781303505, 1.704799783, -1.729140687e-12, 8.55139983, 3.81243024, 7.380687345e-13, 9.76985247, 3.091396698, 8.222882151e-13, 7.386858352, 5.967108672, -7.405034846e-13, 8.560489985, 5.216317867, 6.575411804e-13, 6.459460541, 8.246050064, -2.219297725e-13, 7.548366944, 7.392711274, -7.235676515e-13, 5.221426911, 10.37839449, 7.147923331e-13, 6.402748567, 9.695834204, -1.192535792e-12, 10.74144514, 1.157980701, -2.267401823e-13, 8.586541999, -0.08449083071, 8.051129117e-13, 10.72443637, 3.6475764, -5.787085052e-13, 9.533848888, 5.731661513, 5.013336031e-14, 8.580751854, 7.778276989, -1.830579579e-13, 7.346297355, 10.26835409, 4.653848059e-13, 5.27268597, 11.47855637, 6.335455279e-13, 2.472158014, 11.30676551, 1.191362264e-13, 0.2084605619, 11.0890662, -8.151715823e-13, -2.197578857, 11.05504221, 5.290768234e-14, -4.338609221, 9.846722442, 3.910190863e-13, -4.351436589, 7.356926255, -4.17014972e-13, -3.158091355, 5.24675719, -9.914976641e-13, -2.196106661, 3.181104577, 7.717154881e-13, -0.9498686465, 0.6937863667, -4.263630594e-14, 1.157758888, -0.5136479183, 3.368461536e-13, 3.922377055, -0.3226228426, -1.935828556e-13, 6.173117378, -0.1143982091, -6.32240267e-13]]}, \"cell\": {\"__ndarray__\": [[3, 3], \"float64\", [0.0, 0.0, 0.0, 0.0, 0.0, 0.0, 0.0, 0.0, 0.0]]}, \"pbc\": {\"__ndarray__\": [[3], \"bool\", [false, false, false]]}}", "indexes": [[13, 14, 16, 23, 24, 25, 26], [21, 22, 23, 24, 31, 33, 34], [24, 26, 33, 35, 36], [11, 12, 14, 21, 23]]}